Country,Popularity,Title,lyrics,Artist,Album/Single,Artist_followers,Explicit,Album,Release_date,danceability,energy,key,loudness,mode,speechiness,acoustics,instrumentalness,liveliness,valence,tempo,Genre_new,Days_since_release,Released_after_2017,Explicit_false,Explicit_true,boy band,country3,dance/electronic,else,house,k-pop,pop,syuzhet_norm,bing_norm,afinn_norm,nrc_norm,syuzhet,bing,afinn,nrc,anger,anticipation,disgust,fear,joy,sadness,surprise,trust,negative,positive,n_words,anger_norm,anticipation_norm,disgust_norm,fear_norm,joy_norm,sadness_norm,surprise_norm,trust_norm,negative_norm,positive_norm,anger_norm2,anticipation_norm2,disgust_norm2,fear_norm2,joy_norm2,sadness_norm2,surprise_norm2,trust_norm2,negative_norm2,positive_norm2,negative_bog_jr,positive_bog_jr,Bayes,Negative_Bayes,Neutral_Bayes,Positive_Bayes,LDA_Topic,Celebrate,Desire,Explore,Fun,Hope,Love,Nostalgia,Thug,bing_norm_negative,bing_norm_neutral,bing_norm_positive,Popu_max,Top10_dummy,Top50_dummy,Cluster
Singapore,124911,rewrite the stars,"What if we rewrite the stars?
Say you were made to be mine?",Zac Efron - Zendaya,single,675090,FALSE,Rewrite The Stars,17/11/2017,0.684,0.619,10,-7.005,1,0.0386,0.0716,0,0.122,0.284,125.046,pop,1093,1,1,0,0,0,0,0,0,0,1,-1,-1,-1,-1,-2.65,-3,-2,-5,0,1,0,1,0,3,1,1,5,0,312,0,0.003205128,0,0.003205128,0,0.009615385,0.003205128,0.003205128,0.016025641,0,0,0.142857143,0,0.142857143,0,0.428571429,0.142857143,0.142857143,1,0,2,0,1,0,0,1,Love,0,0,0,0,0,1,0,0,1,0,0,1,1,1,english speaking and nordic
Singapore,121575,memories,"Here's to the ones that we got
Cheers to the wish you were here, but you're?not",Maroon 5,single,27713137,FALSE,Memories,20/9/2019,0.764,0.32,11,-7.209,1,0.0546,0.837,0,0.0822,0.575,91.019,pop,421,1,1,0,0,0,0,0,0,0,1,1,0,1,1,1.15,0,1,2,1,2,1,1,2,1,0,2,1,3,336,0.00297619,0.005952381,0.00297619,0.00297619,0.005952381,0.00297619,0,0.005952381,0.00297619,0.008928571,0.1,0.2,0.1,0.1,0.2,0.1,0,0.2,0.25,0.75,1,2,-1,1,0,0,Celebrate,1,0,0,0,0,0,0,0,0,1,0,1,1,1,english speaking and nordic
Singapore,121130,dance monkey,"So they say
Dance for me, dance for me, dance for me, oh-oh-oh",Tones And I,single,2283019,FALSE,Dance Monkey,10/5/2019,0.825,0.593,6,-6.401,0,0.0988,0.688,0.000161,0.17,0.54,98.078,pop,554,1,1,0,0,0,0,0,0,0,1,-1,-1,1,1,-0.55,-1,1,3,0,2,0,1,2,1,0,2,1,4,348,0,0.005747126,0,0.002873563,0.005747126,0.002873563,0,0.005747126,0.002873563,0.011494253,0,0.25,0,0.125,0.25,0.125,0,0.25,0.2,0.8,1,3,1,0,0,1,Hope,0,0,0,0,1,0,0,0,1,0,0,1,1,1,english speaking and nordic
Singapore,119108,closer,"So, baby, pull me closer
In the backseat of your Rover",The Chainsmokers - Halsey,single,16931568,FALSE,Closer,29/7/2016,0.748,0.524,8,-5.599,1,0.0338,0.414,0,0.111,0.661,95.01,pop,1560,0,1,0,0,0,0,0,0,0,1,1,1,1,1,1.85,1,3,2,1,4,1,2,4,3,3,3,3,5,318,0.003144654,0.012578616,0.003144654,0.006289308,0.012578616,0.009433962,0.009433962,0.009433962,0.009433962,0.01572327,0.047619048,0.19047619,0.047619048,0.095238095,0.19047619,0.142857143,0.142857143,0.142857143,0.375,0.625,2,5,1,0,0,1,Hope,0,0,0,0,1,0,0,0,0,0,1,1,1,1,english speaking and nordic
Singapore,112187,happier,"Then only for a minute
I want to change my mind",Marshmello - Bastille,single,27670203,FALSE,Happier,17/8/2018,0.687,0.792,5,-2.749,1,0.0452,0.191,0,0.167,0.671,100.015,dance/electronic,820,1,1,0,0,0,1,0,0,0,0,1,1,1,1,3.5,3,5,3,2,1,0,2,4,2,2,4,2,5,214,0.009345794,0.004672897,0,0.009345794,0.018691589,0.009345794,0.009345794,0.018691589,0.009345794,0.023364486,0.117647059,0.058823529,0,0.117647059,0.235294118,0.117647059,0.117647059,0.235294118,0.285714286,0.714285714,2,10,-1,1,0,0,Hope,0,0,0,0,1,0,0,0,0,0,1,1,1,1,english speaking and nordic
Singapore,93464,sweet but psycho,"Oh, she's sweet but a psycho
A little bit psycho",Ava Max,single,2457248,FALSE,Sweet but Psycho,17/8/2018,0.719,0.704,1,-4.724,1,0.0476,0.0691,0,0.166,0.628,133.002,pop,820,1,1,0,0,0,0,0,0,0,1,-1,-1,1,-1,-1.15,-1,1,-3,6,3,2,6,3,4,2,2,7,4,342,0.01754386,0.00877193,0.005847953,0.01754386,0.00877193,0.011695906,0.005847953,0.005847953,0.020467836,0.011695906,0.214285714,0.107142857,0.071428571,0.214285714,0.107142857,0.142857143,0.071428571,0.071428571,0.636363636,0.363636364,0,7,1,0,0,1,Fun,0,0,0,1,0,0,0,0,1,0,0,6,1,1,english speaking and nordic
Singapore,85292,kill this love,"Let's kill this love!
Yeah-yeah, yeah-yeah, yeah-yeah",BLACKPINK,single,16413563,FALSE,KILL THIS LOVE,4/4/2019,0.738,0.861,2,-4.141,1,0.237,0.32,0.00175,0.325,0.58,131.974,k-pop,590,1,1,0,0,0,0,0,0,1,0,-1,-1,-1,-1,-5.3,-7,-8,-8,5,4,1,11,4,9,3,5,14,6,843,0.005931198,0.004744958,0.00118624,0.013048636,0.004744958,0.010676157,0.003558719,0.005931198,0.016607355,0.007117438,0.119047619,0.095238095,0.023809524,0.261904762,0.095238095,0.214285714,0.071428571,0.119047619,0.7,0.3,1,40,1,0,0,1,Love,0,0,0,0,0,1,0,0,1,0,0,1,1,1,english speaking and nordic
Singapore,84032,without me,"Tell me, how's it feel sittin' up there?
Feelin' so high, but too far away to hold me",Halsey,single,12622150,TRUE,Without Me,4/10/2018,0.752,0.488,6,-7.05,1,0.0705,0.297,9.11E-06,0.0936,0.533,136.041,pop,772,1,0,1,0,0,0,0,0,0,1,-1,-1,-1,1,-5.45,-11,-32,2,7,7,7,5,6,7,3,6,13,15,646,0.010835913,0.010835913,0.010835913,0.007739938,0.009287926,0.010835913,0.004643963,0.009287926,0.020123839,0.023219814,0.145833333,0.145833333,0.145833333,0.104166667,0.125,0.145833333,0.0625,0.125,0.464285714,0.535714286,8,10,-1,1,0,0,Nostalgia,0,0,0,0,0,0,1,0,1,0,0,2,1,1,english speaking and nordic
Singapore,83509,attention,"You just want attention, you don't want my heart
Maybe you just hate the thought of me with someone new",Charlie Puth,single,11708460,FALSE,Attention,20/4/2017,0.774,0.626,3,-4.432,0,0.0432,0.0969,3.12E-05,0.0848,0.777,100.041,pop,1301,1,1,0,0,0,0,0,0,0,1,1,-1,-1,0,0.5,-1,-4,0,1,4,2,1,0,2,1,1,3,3,404,0.002475248,0.00990099,0.004950495,0.002475248,0,0.004950495,0.002475248,0.002475248,0.007425743,0.007425743,0.083333333,0.333333333,0.166666667,0.083333333,0,0.166666667,0.083333333,0.083333333,0.5,0.5,3,2,-1,1,0,0,Desire,0,1,0,0,0,0,0,0,1,0,0,2,1,1,english speaking and nordic
Singapore,79954,beautiful,"Hey
Beautiful, beautiful, beautiful, beautiful angel",Bazzi - Camila Cabello,single,3807231,FALSE,Beautiful (feat. Camila Cabello),2/8/2018,0.638,0.717,2,-4.722,1,0.0337,0.346,0,0.105,0.249,100.027,pop,835,1,1,0,0,0,0,0,0,0,1,-1,-1,-1,0,-0.65,-2,-3,0,1,2,1,1,2,2,2,2,3,3,202,0.004950495,0.00990099,0.004950495,0.004950495,0.00990099,0.00990099,0.00990099,0.00990099,0.014851485,0.014851485,0.076923077,0.153846154,0.076923077,0.076923077,0.153846154,0.153846154,0.153846154,0.153846154,0.5,0.5,2,1,1,0,0,1,Explore,0,0,1,0,0,0,0,0,1,0,0,2,1,1,english speaking and nordic
Singapore,72182,dancing with a stranger,"Look what you made me do, I'm with somebody new
Ooh, baby, baby, I'm dancing with a stranger",Sam Smith - Normani,single,14303985,FALSE,Dancing With A Stranger (with Normani),11/1/2019,0.741,0.52,8,-7.513,1,0.0656,0.45,1.97E-06,0.222,0.347,102.998,pop,673,1,1,0,0,0,0,0,0,0,1,1,1,0,0,1.55,1,0,0,0,1,1,2,2,0,0,1,2,2,225,0,0.004444444,0.004444444,0.008888889,0.008888889,0,0,0.004444444,0.008888889,0.008888889,0,0.142857143,0.142857143,0.285714286,0.285714286,0,0,0.142857143,0.5,0.5,1,2,1,0,0,1,Celebrate,1,0,0,0,0,0,0,0,0,0,1,2,1,1,english speaking and nordic
Singapore,69698,wolves,"I've been runnin' through the jungle
I've been runnin' with the wolves",Selena Gomez - Marshmello,single,23289724,FALSE,Wolves,25/10/2017,0.715,0.802,11,-4.647,0,0.0394,0.139,0,0.177,0.327,124.989,pop,1116,1,1,0,0,0,0,0,0,0,1,1,1,0,-1,0.2,1,0,-2,2,2,0,3,0,0,2,1,4,2,140,0.014285714,0.014285714,0,0.021428571,0,0,0.014285714,0.007142857,0.028571429,0.014285714,0.2,0.2,0,0.3,0,0,0.2,0.1,0.666666667,0.333333333,0,2,-1,1,0,0,Explore,0,0,1,0,0,0,0,0,0,0,1,1,1,1,english speaking and nordic
Singapore,65806,scared to be lonely,"Is it just our bodies? Are we both losing our minds?
Is the only reason you're holding me tonight",Martin Garrix - Dua Lipa,single,13885414,FALSE,Scared to Be Lonely,27/1/2017,0.584,0.54,1,-7.786,0,0.0576,0.0895,0,0.261,0.195,137.972,house,1383,1,1,0,0,0,0,0,1,0,0,-1,-1,-1,0,-1.35,-2,-5,0,2,3,1,1,0,2,0,1,2,2,243,0.008230453,0.012345679,0.004115226,0.004115226,0,0.008230453,0,0.004115226,0.008230453,0.008230453,0.2,0.3,0.1,0.1,0,0.2,0,0.1,0.5,0.5,0,6,-1,1,0,0,Hope,0,0,0,0,1,0,0,0,1,0,0,4,1,1,english speaking and nordic
Singapore,61455,it aint me,"Who's gonna walk you
Through the dark side of the morning?",Kygo - Selena Gomez,single,6858400,FALSE,It Ain't Me (with Selena Gomez),16/2/2017,0.64,0.533,0,-6.596,1,0.0706,0.119,0,0.0864,0.515,99.968,dance/electronic,1363,1,1,0,0,0,1,0,0,0,0,-1,-1,-1,1,-0.65,-1,-8,2,0,1,0,0,1,1,1,1,0,2,232,0,0.004310345,0,0,0.004310345,0.004310345,0.004310345,0.004310345,0,0.00862069,0,0.2,0,0,0.2,0.2,0.2,0.2,0,1,1,0,-1,1,0,0,Explore,0,0,1,0,0,0,0,0,1,0,0,3,1,1,english speaking and nordic
Singapore,61449,im so tired...,"I'm so tired of love songs, tired of love songs
Tired of love songs, tired of love",Lauv - Troye Sivan,single,3587039,FALSE,i'm so tired...,24/1/2019,0.599,0.733,11,-7.058,1,0.203,0.176,0,0.242,0.534,102.211,pop,660,1,1,0,0,0,0,0,0,0,1,-1,-1,-1,-1,-2.1,-1,-1,-6,3,0,1,3,1,6,2,0,7,1,284,0.01056338,0,0.003521127,0.01056338,0.003521127,0.021126761,0.007042254,0,0.024647887,0.003521127,0.1875,0,0.0625,0.1875,0.0625,0.375,0.125,0,0.875,0.125,1,28,1,0,0,1,Love,0,0,0,0,0,1,0,0,1,0,0,2,1,1,english speaking and nordic
Singapore,60273,be alright,"And my friend said
""I know you love her, but it's over, mate",Dean Lewis,single,1334214,TRUE,Be Alright,29/6/2018,0.553,0.586,11,-6.319,1,0.0362,0.697,0,0.0813,0.443,126.684,pop,869,1,0,1,0,0,0,0,0,0,1,-1,-1,-1,-1,-0.1,-1,-4,-3,3,2,2,3,3,3,1,3,7,4,313,0.009584665,0.006389776,0.006389776,0.009584665,0.009584665,0.009584665,0.003194888,0.009584665,0.022364217,0.012779553,0.15,0.1,0.1,0.15,0.15,0.15,0.05,0.15,0.636363636,0.363636364,1,12,-1,1,0,0,Hope,0,0,0,0,1,0,0,0,1,0,0,1,1,1,english speaking and nordic
Singapore,59451,havana,"Havana, ooh na-na (Ayy)
Half of my heart is in Havana, ooh na-na (Ayy, ayy)",Camila Cabello - Young Thug,single,18673543,FALSE,Havana,3/8/2017,0.768,0.517,7,-4.323,0,0.0312,0.186,3.80E-05,0.104,0.418,104.992,pop,1199,1,1,0,0,0,0,0,0,0,1,1,1,1,1,3.1,3,5,6,0,2,0,0,3,0,0,2,0,6,331,0,0.006042296,0,0,0.009063444,0,0,0.006042296,0,0.018126888,0,0.285714286,0,0,0.428571429,0,0,0.285714286,0,1,2,4,1,0,0,1,Thug,0,0,0,0,0,0,0,1,0,0,1,1,1,1,english speaking and nordic
Singapore,57151,solo,"I'm forever solo
Shinning solo",JENNIE,single,457338,FALSE,SOLO,12/11/2018,0.751,0.642,3,-5.165,0,0.087,0.0861,0,0.0953,0.388,95.045,k-pop,733,1,1,0,0,0,0,0,0,1,0,-1,-1,-1,-1,-1.95,-1,-7,-3,3,2,2,2,1,3,1,3,4,1,155,0.019354839,0.012903226,0.012903226,0.012903226,0.006451613,0.019354839,0.006451613,0.019354839,0.025806452,0.006451613,0.176470588,0.117647059,0.117647059,0.117647059,0.058823529,0.176470588,0.058823529,0.176470588,0.8,0.2,2,1,-1,1,0,0,Hope,0,0,0,0,1,0,0,0,1,0,0,2,1,1,english speaking and nordic
Singapore,55867,roxanne,"Roxanne, Roxanne
All?she wanna do is party all night",Arizona Zervas,single,522489,TRUE,ROXANNE,10/10/2019,0.621,0.601,6,-5.616,0,0.148,0.0522,0,0.46,0.457,116.735,pop,401,1,0,1,0,0,0,0,0,0,1,1,1,-1,1,1.5,4,-4,2,3,6,0,3,7,1,3,3,6,8,283,0.010600707,0.021201413,0,0.010600707,0.024734982,0.003533569,0.010600707,0.010600707,0.021201413,0.028268551,0.115384615,0.230769231,0,0.115384615,0.269230769,0.038461538,0.115384615,0.115384615,0.428571429,0.571428571,4,8,1,0,0,1,Fun,0,0,0,1,0,0,0,0,0,0,1,2,1,1,english speaking and nordic
Singapore,54167,stuck with u,"So, lock the door and throw out the key
Can't fight this no more, it's just you and me",Ariana Grande - Justin Bieber,single,52571724,FALSE,Stuck with U,8/5/2020,0.597,0.45,8,-6.658,1,0.0418,0.223,0,0.382,0.537,178.765,pop,190,1,1,0,0,0,0,0,0,0,1,1,-1,-1,-1,1.2,-2,-2,-1,3,2,1,3,2,2,2,1,4,3,332,0.009036145,0.006024096,0.003012048,0.009036145,0.006024096,0.006024096,0.006024096,0.003012048,0.012048193,0.009036145,0.1875,0.125,0.0625,0.1875,0.125,0.125,0.125,0.0625,0.571428571,0.428571429,0,0,-1,1,0,0,Desire,0,1,0,0,0,0,0,0,1,0,0,1,1,1,english speaking and nordic
Singapore,51952,stay,"All you have to do is stay a minute
Just take your time",Zedd - Alessia Cara,single,5236599,FALSE,Stay,23/2/2017,0.679,0.634,5,-5.024,0,0.0654,0.232,0,0.115,0.498,102.013,dance/electronic,1351,0,1,0,0,0,1,0,0,0,0,-1,-1,1,-1,-0.7,-1,1,-1,2,1,0,2,0,1,0,2,2,1,228,0.00877193,0.004385965,0,0.00877193,0,0.004385965,0,0.00877193,0.00877193,0.004385965,0.25,0.125,0,0.25,0,0.125,0,0.25,0.666666667,0.333333333,1,3,-1,1,0,0,Desire,0,1,0,0,0,0,0,0,1,0,0,5,1,1,english speaking and nordic
Singapore,51629,2u,"When it comes to you, there's no crime
Let's take both of our souls and intertwine",David Guetta - Justin Bieber,single,21659022,FALSE,2U (feat. Justin Bieber),9/6/2017,0.548,0.65,8,-5.827,0,0.0591,0.219,0,0.225,0.557,144.937,pop,1254,1,1,0,0,0,0,0,0,0,1,-1,-1,-1,0,-1.05,-2,-5,0,0,2,0,0,2,2,0,2,2,2,190,0,0.010526316,0,0,0.010526316,0.010526316,0,0.010526316,0.010526316,0.010526316,0,0.25,0,0,0.25,0.25,0,0.25,0.5,0.5,0,0,1,0,0,1,Love,0,0,0,0,0,1,0,0,1,0,0,2,1,1,english speaking and nordic
Singapore,51335,all falls down,"Cause when it all falls down, then whatever
When it don't work out for the better",Alan Walker - Noah Cyrus - Digital Farm Animals - Juliander,single,24925809,FALSE,All Falls Down (feat. Juliander),27/10/2017,0.658,0.678,1,-4.407,1,0.058,0.303,0,0.361,0.662,97.976,house,1114,1,1,0,0,0,0,0,1,0,0,-1,-1,-1,-1,-2.1,-1,-8,-3,4,1,2,3,0,1,0,1,3,0,318,0.012578616,0.003144654,0.006289308,0.009433962,0,0.003144654,0,0.003144654,0.009433962,0,0.333333333,0.083333333,0.166666667,0.25,0,0.083333333,0,0.083333333,1,0,13,4,-1,1,0,0,Hope,0,0,0,0,1,0,0,0,1,0,0,3,1,1,english speaking and nordic
Singapore,51033,no promises,"Oh, na-na, just be careful
Na-na, love ain't simple",Cheat Codes - Demi Lovato,single,1727948,FALSE,No Promises (feat. Demi Lovato),31/3/2017,0.741,0.667,10,-5.445,1,0.134,0.0575,0,0.106,0.595,112.956,pop,1321,1,1,0,0,0,0,0,0,0,1,1,1,1,1,2.05,3,4,2,1,2,1,2,3,2,1,2,2,4,212,0.004716981,0.009433962,0.004716981,0.009433962,0.014150943,0.009433962,0.004716981,0.009433962,0.009433962,0.018867925,0.071428571,0.142857143,0.071428571,0.142857143,0.214285714,0.142857143,0.071428571,0.142857143,0.333333333,0.666666667,0,2,-1,1,0,0,Hope,0,0,0,0,1,0,0,0,0,0,1,10,1,1,english speaking and nordic
Singapore,50747,let me go,"I've been hopin'
Somebody loves you in the ways I couldn't",Hailee Steinfeld - Alesso - Florida Georgia Line - watt,single,6237932,FALSE,"Let Me Go (with Alesso, Florida Georgia Line & watt)",8/9/2017,0.659,0.717,8,-4.202,1,0.0581,0.0393,0,0.0769,0.71,103.036,pop,1163,1,1,0,0,0,0,0,0,0,1,1,0,1,-1,0.65,0,1,-2,1,1,0,2,1,3,0,0,3,1,230,0.004347826,0.004347826,0,0.008695652,0.004347826,0.013043478,0,0,0.013043478,0.004347826,0.125,0.125,0,0.25,0.125,0.375,0,0,0.75,0.25,0,5,-1,1,0,0,Love,0,0,0,0,0,1,0,0,0,1,0,6,1,1,english speaking and nordic
Singapore,50705,there for you,"So when your tears roll down your pillow like a river
I'll be there for you",Martin Garrix - Troye Sivan,single,13885414,FALSE,There for You,26/5/2017,0.611,0.644,6,-7.607,0,0.0553,0.124,0,0.124,0.13,105.969,house,1265,1,1,0,0,0,0,0,1,0,0,-1,-1,-1,-1,-1.25,-2,-3,-1,1,2,2,1,1,1,1,2,3,2,296,0.003378378,0.006756757,0.006756757,0.003378378,0.003378378,0.003378378,0.003378378,0.006756757,0.010135135,0.006756757,0.090909091,0.181818182,0.181818182,0.090909091,0.090909091,0.090909091,0.090909091,0.181818182,0.6,0.4,1,4,1,0,0,1,Love,0,0,0,0,0,1,0,0,1,0,0,6,1,1,english speaking and nordic
Singapore,50011,close to me,"And I don't wanna be somebody without your body
Close to me",Ellie Goulding - Diplo - Swae Lee,single,8604850,TRUE,Close To Me (feat. Swae Lee),24/10/2018,0.575,0.758,1,-5.029,0,0.0618,0.0954,0,0.394,0.493,144.107,pop,752,1,0,1,0,0,0,0,0,0,1,-1,-1,-1,-1,-4.25,-5,-16,-1,2,1,2,3,1,2,0,0,2,1,240,0.008333333,0.004166667,0.008333333,0.0125,0.004166667,0.008333333,0,0,0.008333333,0.004166667,0.181818182,0.090909091,0.181818182,0.272727273,0.090909091,0.181818182,0,0,0.666666667,0.333333333,2,5,0,0,1,0,Hope,0,0,0,0,1,0,0,0,1,0,0,8,1,1,english speaking and nordic
Singapore,49731,back to you,"Oh, you stress me out, you kill me
You drag me down, you fuck me up",Louis Tomlinson - Bebe Rexha - Digital Farm Animals,single,4050148,TRUE,Back to You (feat. Bebe Rexha & Digital Farm Animals),21/7/2017,0.683,0.53,5,-4.918,0,0.142,0.207,0,0.394,0.645,75.016,pop,1212,1,0,1,0,0,0,0,0,0,1,-1,-1,-1,-1,-2.65,-8,-3,-5,5,4,4,3,1,4,2,3,9,4,363,0.013774105,0.011019284,0.011019284,0.008264463,0.002754821,0.011019284,0.005509642,0.008264463,0.024793388,0.011019284,0.192307692,0.153846154,0.153846154,0.115384615,0.038461538,0.153846154,0.076923077,0.115384615,0.692307692,0.307692308,0,0,-1,1,0,0,Hope,0,0,0,0,1,0,0,0,1,0,0,2,1,1,english speaking and nordic
Singapore,48839,strip that down,"You know I love it when the music's loud
But come on, strip that down for me, baby",Liam Payne - Quavo,single,6545211,FALSE,Strip That Down,18/5/2017,0.869,0.485,6,-5.595,1,0.0545,0.246,0,0.0765,0.527,106.028,pop,1273,1,1,0,0,0,0,0,0,0,1,1,1,1,1,4.3,1,9,4,3,2,2,3,5,2,0,4,4,8,564,0.005319149,0.003546099,0.003546099,0.005319149,0.008865248,0.003546099,0,0.007092199,0.007092199,0.014184397,0.142857143,0.095238095,0.095238095,0.142857143,0.238095238,0.095238095,0,0.19047619,0.333333333,0.666666667,10,13,1,0,0,1,Desire,0,1,0,0,0,0,0,0,0,0,1,4,1,1,english speaking and nordic
Singapore,47935,hot girl bummer,"Fuck you, and you, and you
I hate your friends and they hate me too",blackbear,single,3657373,TRUE,hot girl bummer,23/8/2019,0.778,0.559,6,-7.109,0,0.0776,0.128,0,0.399,0.678,129.989,pop,449,1,0,1,0,0,0,0,0,0,1,-1,-1,-1,-1,-4.85,-6,-15,-2,4,0,2,2,1,3,0,1,5,3,435,0.009195402,0,0.004597701,0.004597701,0.002298851,0.006896552,0,0.002298851,0.011494253,0.006896552,0.307692308,0,0.153846154,0.153846154,0.076923077,0.230769231,0,0.076923077,0.625,0.375,6,12,-1,1,0,0,Desire,0,1,0,0,0,0,0,0,1,0,0,9,1,1,english speaking and nordic
Singapore,46446,eastside,"We can do anything if we put our minds to it
Take your old life, then you put a line through it",benny blanco - Halsey - Khalid,single,653196,FALSE,Eastside (with Halsey & Khalid),12/7/2018,0.56,0.68,6,-7.648,0,0.321,0.555,0,0.116,0.319,89.391,pop,856,1,1,0,0,0,0,0,0,0,1,-1,-1,-1,1,-2.1,-2,-9,7,6,5,2,4,4,6,4,11,7,14,273,0.021978022,0.018315018,0.007326007,0.014652015,0.014652015,0.021978022,0.014652015,0.04029304,0.025641026,0.051282051,0.142857143,0.119047619,0.047619048,0.095238095,0.095238095,0.142857143,0.095238095,0.261904762,0.333333333,0.666666667,8,2,0,0,1,0,Thug,0,0,0,0,0,0,0,1,1,0,0,1,1,1,english speaking and nordic
Singapore,43835,taki taki,"Dance as if it were the last time (Oh)
And show me that little step that I don't know (Yeah-yeah)",DJ Snake - Selena Gomez - Ozuna - Cardi B,single,7101818,TRUE,"Taki Taki (with Selena Gomez, Ozuna & Cardi B)",28/9/2018,0.842,0.801,8,-4.167,0,0.228,0.157,4.82E-06,0.0642,0.617,95.881,pop,778,1,0,1,0,0,0,0,0,0,1,-1,-1,-1,-1,-1.5,-2,-20,-1,5,6,3,4,4,6,2,4,8,7,451,0.011086475,0.013303769,0.006651885,0.00886918,0.00886918,0.013303769,0.00443459,0.00886918,0.017738359,0.015521064,0.147058824,0.176470588,0.088235294,0.117647059,0.117647059,0.176470588,0.058823529,0.117647059,0.533333333,0.466666667,6,4,-1,1,0,0,Celebrate,1,0,0,0,0,0,0,0,1,0,0,2,1,1,english speaking and nordic
Singapore,43372,be kind,"I don't know why you hide from the one
And close your eyes to the one",Marshmello - Halsey,single,27670203,FALSE,Be Kind (with Halsey),1/5/2020,0.63,0.633,4,-7.088,1,0.0457,0.00776,0,0.0541,0.452,93.995,dance/electronic,197,1,1,0,0,0,1,0,0,0,0,-1,-1,-1,-1,-2.85,-5,-3,-5,5,2,3,4,2,6,2,2,9,4,315,0.015873016,0.006349206,0.00952381,0.012698413,0.006349206,0.019047619,0.006349206,0.006349206,0.028571429,0.012698413,0.192307692,0.076923077,0.115384615,0.153846154,0.076923077,0.230769231,0.076923077,0.076923077,0.692307692,0.307692308,3,3,-1,1,0,0,Love,0,0,0,0,0,1,0,0,1,0,0,3,1,1,english speaking and nordic
Singapore,42942,so am i,"Do you ever feel like a misfit?
Everything inside you is dark and twisted",Ava Max,single,2457248,FALSE,So Am I,7/3/2019,0.682,0.656,6,-4.67,1,0.0435,0.0737,0,0.353,0.607,130.089,pop,618,1,1,0,0,0,0,0,0,0,1,-1,-1,1,0,-1.3,-2,5,0,2,3,2,3,4,4,3,1,6,6,291,0.006872852,0.010309278,0.006872852,0.010309278,0.013745704,0.013745704,0.010309278,0.003436426,0.020618557,0.020618557,0.090909091,0.136363636,0.090909091,0.136363636,0.181818182,0.181818182,0.136363636,0.045454545,0.5,0.5,2,9,1,0,0,1,Explore,0,0,1,0,0,0,0,0,1,0,0,9,1,1,english speaking and nordic
Singapore,42123,stargazing,"Don't you, give up, for me
Don't fall, don't give up, for love",Kygo - Justin Jesso,single,6858400,FALSE,Stargazing - EP,21/9/2017,0.677,0.497,5,-5.763,1,0.0809,0.152,0,0.0911,0.419,99.137,dance/electronic,1150,1,1,0,0,0,1,0,0,0,0,1,1,1,0,1.25,1,6,0,1,1,1,1,2,1,0,1,2,2,285,0.003508772,0.003508772,0.003508772,0.003508772,0.007017544,0.003508772,0,0.003508772,0.007017544,0.007017544,0.125,0.125,0.125,0.125,0.25,0.125,0,0.125,0.5,0.5,10,3,-1,1,0,0,Love,0,0,0,0,0,1,0,0,0,0,1,9,1,1,english speaking and nordic
Singapore,41233,dont start now,"Don't show up, don't come out
Don't start caring about me now",Dua Lipa,single,20575026,FALSE,Don't Start Now,31/10/2019,0.794,0.793,11,-4.521,0,0.0842,0.0125,0,0.0952,0.677,123.941,pop,380,1,1,0,0,0,0,0,0,0,1,1,1,1,1,1.95,2,4,4,0,3,0,1,1,0,1,3,0,4,211,0,0.014218009,0,0.004739336,0.004739336,0,0.004739336,0.014218009,0,0.018957346,0,0.333333333,0,0.111111111,0.111111111,0,0.111111111,0.333333333,0,1,4,3,-1,1,0,0,Hope,0,0,0,0,1,0,0,0,0,0,1,2,1,1,english speaking and nordic
Singapore,40815,everything i wanted,"And you say, ""As long as I'm here, no one can hurt you
Don't wanna lie here, but you can learn to",Billie Eilish,single,34697267,FALSE,everything i wanted,13/11/2019,0.704,0.225,6,-14.454,0,0.0994,0.902,0.657,0.106,0.243,120.006,pop,367,1,1,0,0,0,0,0,0,0,1,1,1,1,1,4.05,2,5,3,4,3,2,3,2,3,0,2,2,5,260,0.015384615,0.011538462,0.007692308,0.011538462,0.007692308,0.011538462,0,0.007692308,0.007692308,0.019230769,0.210526316,0.157894737,0.105263158,0.157894737,0.105263158,0.157894737,0,0.105263158,0.285714286,0.714285714,0,4,-1,1,0,0,Hope,0,0,0,0,1,0,0,0,0,0,1,4,1,1,english speaking and nordic
Singapore,40204,how long,"How long has this been goin' on?
You've been creepin' 'round on me (On me)",Charlie Puth,single,11708460,FALSE,How Long,5/10/2017,0.849,0.581,1,-5.243,0,0.0767,0.189,3.61E-06,0.0805,0.779,110.008,pop,1136,1,1,0,0,0,0,0,0,0,1,1,-1,1,1,2.15,-1,1,2,2,3,3,1,4,1,1,4,3,5,263,0.007604563,0.011406844,0.011406844,0.003802281,0.015209125,0.003802281,0.003802281,0.015209125,0.011406844,0.019011407,0.105263158,0.157894737,0.157894737,0.052631579,0.210526316,0.052631579,0.052631579,0.210526316,0.375,0.625,0,5,-1,1,0,0,Desire,0,1,0,0,0,0,0,0,1,0,0,6,1,1,english speaking and nordic
Singapore,40175,no tears left to cry,"Right now, I'm in a state of mind
I wanna be in like all the time",Ariana Grande,single,52571724,FALSE,no tears left to cry,20/4/2018,0.703,0.696,0,-5.482,1,0.0529,0.0375,5.65E-06,0.274,0.366,121.969,pop,939,1,1,0,0,0,0,0,0,0,1,-1,1,0,-1,-0.4,1,0,-1,0,0,1,0,0,1,1,1,2,1,419,0,0,0.002386635,0,0,0.002386635,0.002386635,0.002386635,0.00477327,0.002386635,0,0,0.25,0,0,0.25,0.25,0.25,0.666666667,0.333333333,5,13,1,0,0,1,Nostalgia,0,0,0,0,0,0,1,0,0,0,1,1,1,1,english speaking and nordic
Singapore,39012,lonely together,"I might hate myself tomorrow
But I'm on my way tonight",Avicii - Rita Ora,single,18439913,FALSE,AVĪCI (01),9/8/2017,0.655,0.666,5,-5.309,1,0.0612,0.134,2.12E-05,0.0683,0.272,102.977,house,1193,1,1,0,0,0,0,0,1,0,0,-1,-1,-1,-1,-2.9,-5,-9,-4,3,1,4,4,0,4,0,1,5,1,291,0.010309278,0.003436426,0.013745704,0.013745704,0,0.013745704,0,0.003436426,0.017182131,0.003436426,0.176470588,0.058823529,0.235294118,0.235294118,0,0.235294118,0,0.058823529,0.833333333,0.166666667,0,2,-1,1,0,0,Celebrate,1,0,0,0,0,0,0,0,1,0,0,6,1,1,english speaking and nordic
Singapore,36792,solo,"I wanna f� (Woop, woop, woop), but I'm brokenhearted
Cry-cry-cry, but I like to party",Clean Bandit - Demi Lovato,single,4046263,FALSE,Solo (feat. Demi Lovato),17/5/2018,0.737,0.636,11,-4.546,0,0.0437,0.0441,6.66E-05,0.35,0.565,105.005,pop,912,1,1,0,0,0,0,0,0,0,1,-1,-1,-1,-1,-1.95,-1,-7,-3,3,2,2,2,1,3,1,3,4,1,155,0.019354839,0.012903226,0.012903226,0.012903226,0.006451613,0.019354839,0.006451613,0.019354839,0.025806452,0.006451613,0.176470588,0.117647059,0.117647059,0.117647059,0.058823529,0.176470588,0.058823529,0.176470588,0.8,0.2,2,1,-1,1,0,0,Hope,0,0,0,0,1,0,0,0,1,0,0,4,1,1,english speaking and nordic
Singapore,36382,fancy,"You there, I fancy you I don't want just anyone 
Hey, I love you (Love ya!)",TWICE,single,6954833,FALSE,FANCY YOU,22/4/2019,0.697,0.874,5,-2.15,0,0.045,0.0122,0,0.627,0.775,132.022,k-pop,572,1,1,0,0,0,0,0,0,1,0,1,1,-1,1,2.85,1,-11,8,5,7,4,5,7,7,2,6,6,14,331,0.01510574,0.021148036,0.012084592,0.01510574,0.021148036,0.021148036,0.006042296,0.018126888,0.018126888,0.042296073,0.11627907,0.162790698,0.093023256,0.11627907,0.162790698,0.162790698,0.046511628,0.139534884,0.3,0.7,4,8,1,0,0,1,Fun,0,0,0,1,0,0,0,0,0,0,1,3,1,1,english speaking and nordic
Singapore,36020,these days,"I hope someday we'll sit down together
And laugh with each other about these days, these days",Rudimental - Jess Glynne - Macklemore - Dan Caplen,single,1217112,FALSE,"These Days (feat. Jess Glynne, Macklemore & Dan Caplen)",19/1/2018,0.653,0.809,0,-4.057,1,0.0474,0.194,0,0.165,0.55,92.213,pop,1030,1,1,0,0,0,0,0,0,0,1,1,-1,1,1,2,-1,6,2,0,6,0,2,4,4,3,3,3,5,361,0,0.016620499,0,0.005540166,0.011080332,0.011080332,0.008310249,0.008310249,0.008310249,0.013850416,0,0.272727273,0,0.090909091,0.181818182,0.181818182,0.136363636,0.136363636,0.375,0.625,1,1,-1,1,0,0,Hope,0,0,0,0,1,0,0,0,1,0,0,8,1,1,english speaking and nordic
Singapore,35525,this is me,"When the sharpest words wanna cut me down
I'm gonna send a flood, gonna drown 'em out",Keala Settle - The Greatest Showman Ensemble,single,132203,FALSE,This Is Me,27/10/2017,0.284,0.704,2,-7.276,1,0.186,0.00583,0.000115,0.0424,0.1,191.702,else,1114,1,1,0,0,0,0,1,0,0,0,-1,-1,-1,-1,-1.15,-1,-2,-1,3,2,2,6,2,4,2,3,5,4,289,0.010380623,0.006920415,0.006920415,0.020761246,0.006920415,0.01384083,0.006920415,0.010380623,0.017301038,0.01384083,0.125,0.083333333,0.083333333,0.25,0.083333333,0.166666667,0.083333333,0.125,0.555555556,0.444444444,1,1,-1,1,0,0,Explore,0,0,1,0,0,0,0,0,1,0,0,3,1,1,english speaking and nordic
Singapore,35520,sucker,"I'm a sucker for you
You say the word and I'll go anywhere blindly",Jonas Brothers,single,4654109,FALSE,Sucker,1/3/2019,0.842,0.734,1,-5.065,0,0.0588,0.0427,0,0.106,0.952,137.958,boy band,624,1,1,0,1,0,0,0,0,0,0,1,1,1,1,1.25,1,8,2,3,2,1,2,2,1,1,4,3,5,314,0.00955414,0.006369427,0.003184713,0.006369427,0.006369427,0.003184713,0.003184713,0.012738854,0.00955414,0.015923567,0.1875,0.125,0.0625,0.125,0.125,0.0625,0.0625,0.25,0.375,0.625,0,1,-1,1,0,0,Desire,0,1,0,0,0,0,0,0,0,0,1,1,1,1,english speaking and nordic
Singapore,34466,one kiss,"One kiss is all it takes
Fallin' in love with me",Calvin Harris - Dua Lipa,single,20814678,FALSE,One Kiss (with Dua Lipa),6/4/2018,0.791,0.862,9,-3.24,0,0.11,0.037,2.19E-05,0.0814,0.592,123.994,pop,953,1,1,0,0,0,0,0,0,0,1,1,1,1,1,2.9,2,8,3,1,3,1,1,4,3,2,2,2,5,236,0.004237288,0.012711864,0.004237288,0.004237288,0.016949153,0.012711864,0.008474576,0.008474576,0.008474576,0.021186441,0.058823529,0.176470588,0.058823529,0.058823529,0.235294118,0.176470588,0.117647059,0.117647059,0.285714286,0.714285714,0,16,1,0,0,1,Hope,0,0,0,0,1,0,0,0,0,0,1,3,1,1,english speaking and nordic
Singapore,33933,here with me,"Every day
You're saying the words that I want you to say",Marshmello - CHVRCHES,single,27670203,FALSE,Here With Me,8/3/2019,0.791,0.565,5,-3.933,0,0.0439,0.0623,0,0.156,0.181,99.961,dance/electronic,617,1,1,0,0,0,1,0,0,0,0,-1,-1,0,0,-0.35,-1,0,0,1,3,1,2,2,2,1,3,3,3,256,0.00390625,0.01171875,0.00390625,0.0078125,0.0078125,0.0078125,0.00390625,0.01171875,0.01171875,0.01171875,0.066666667,0.2,0.066666667,0.133333333,0.133333333,0.133333333,0.066666667,0.2,0.5,0.5,4,0,-1,1,0,0,Love,0,0,0,0,0,1,0,0,1,0,0,9,1,1,english speaking and nordic
Singapore,33763,supalonely,"I know I fucked up, I'm just a loser
Shouldn't be with ya, guess I'm a?quitter",BENEE - Gus Dapperton,single,491626,TRUE,STELLA & STEVE,15/11/2019,0.863,0.631,7,-4.689,1,0.0534,0.305,3.04E-05,0.123,0.817,128.977,pop,365,1,0,1,0,0,0,0,0,0,1,-1,-1,-1,-1,-12.6,-17,-39,-10,6,1,6,6,0,4,2,0,10,0,295,0.020338983,0.003389831,0.020338983,0.020338983,0,0.013559322,0.006779661,0,0.033898305,0,0.24,0.04,0.24,0.24,0,0.16,0.08,0,1,0,12,4,-1,1,0,0,Celebrate,1,0,0,0,0,0,0,0,1,0,0,6,1,1,english speaking and nordic
Singapore,33078,i dont care,"Cause I don't care when I'm with my baby, yeah
All the bad things disappear",Ed Sheeran - Justin Bieber,single,71783101,FALSE,I Don't Care (with Justin Bieber),10/5/2019,0.798,0.675,6,-5.041,1,0.0442,0.0912,0,0.0894,0.842,101.956,pop,554,1,1,0,0,0,0,0,0,0,1,1,-1,1,0,2.75,-1,6,0,4,3,2,5,5,4,3,3,6,6,452,0.008849558,0.006637168,0.004424779,0.011061947,0.011061947,0.008849558,0.006637168,0.006637168,0.013274336,0.013274336,0.137931034,0.103448276,0.068965517,0.172413793,0.172413793,0.137931034,0.103448276,0.103448276,0.5,0.5,9,22,-1,1,0,0,Desire,0,1,0,0,0,0,0,0,1,0,0,1,1,1,english speaking and nordic
Singapore,32775,rise,"They think we're just dropouts
Livin' at our moms' house",Jonas Blue - Jack & Jack,single,2975592,FALSE,Rise,25/5/2018,0.69,0.784,1,-4.653,1,0.032,0.323,0,0.203,0.669,106.066,pop,904,1,1,0,0,0,0,0,0,0,1,1,-1,-1,-1,0.4,-1,-1,-1,4,3,3,5,2,4,1,5,9,8,249,0.016064257,0.012048193,0.012048193,0.020080321,0.008032129,0.016064257,0.004016064,0.020080321,0.036144578,0.032128514,0.148148148,0.111111111,0.111111111,0.185185185,0.074074074,0.148148148,0.037037037,0.185185185,0.529411765,0.470588235,0,4,-1,1,0,0,Explore,0,0,1,0,0,0,0,0,1,0,0,3,1,1,english speaking and nordic
